{
  "app": {
    "name": "حلم إلى تطبيق",
    "slogan": "نحوّل أفكارك إلى واقع ملموس"
  },
  "navigation": {
    "services": {
      "title": "خدماتنا",
      "subMenu": {
        "webApp": "تطوير مواقع الويب ",
        "mobileApp": "تطبيقات الجوال ",
        "ecommerce": "حلول  للتجارة الإلكترونية",
        "uiUx": "تصميم واجهات جذابة ",
        "visualIdentity": "بناء هوية بصرية فريدة",
        "digitalMarketing": "استراتيجيات تسويق  فعّالة"
      }
    },
    "technologies": {
      "title": "التقنيات",
      "subMenu": {
        "nextjs": {
          "title": "Next.js",
          "description": "إطار عمل متطور لإنشاء مواقع React بسرعة وأداء عاليين."
        },
        "nodejs": {
          "title": "Node.js",
          "description": "منصة قوية لتطوير الخدمات الخلفية القابلة للتطوير."
        },
        "react": {
          "title": "React",
          "description": "أفضل مكتبة لبناء واجهات مستخدم تفاعلية وسهلة."
        },
        "reactNative": {
          "title": "React Native",
          "description": "إنشاء تطبيقات جوال أصلية تعمل على iOS وAndroid باستخدام تقنية واحدة."
        },
        "mongoDB": {
          "title": "MongoDB",
          "description": "قاعدة بيانات مرنة لتخزين بياناتك بشكل فعال وآمن."
        },
        "firebase": {
          "title": "Firebase",
          "description": "أدوات متكاملة لتطوير التطبيقات تشمل قواعد بيانات فورية والمصادقة."
        },
        "aws": {
          "title": "AWS",
          "description": "خدمات سحابية موثوقة لاستضافة تطبيقاتك بسهولة وأمان."
        },
        "prisma": {
          "title": "Prisma",
          "description": "أداة حديثة لإدارة قواعد البيانات بطريقة سهلة وفعالة."
        },
        "sanity": {
          "title": "Sanity",
          "description": "اجعل محتوى موقعك أداة قوة تنافسية مميزة."
        }
      }
    },
    "workSamples": {
      "title": "أعمالنا",
      "subMenu": {
        "webApp": "تطبيقات ويب",
        "mobileApp": "تطبيقات جوال",
        "uiUx": "تصاميم واجهات المستخدم",
        "visualIdentity": "تصاميم الهوية البصرية",
        "digitalMarketing": "حملات التسويق الرقمي",
        "more": "مشاريع أخرى"
      }
    },
    "prices": {
      "title": "خطط الأسعار",
      "basic": "الخطة الأساسية",
      "pro": "الخطة الاحترافية",
      "enterprise": "خطة الشركات",
      "custom": "عرض مخصص"
    },
    "contactus": {
      "title": "تواصل معنا",
      "whatsapp": "راسلنا على واتساب",
      "email": "أرسل بريدًا إلكترونيًا",
      "phone": "اتصل بنا مباشرةً",
      "form": "املأ نموذج الاتصال"
    },
    "plugin": {
      "title": "الإضافات",
      "crombo": " كرومبو",
      "latestnews": "كونان"
    }
  },
  "buttons": {
    "showMore": "مشاهدة المزيد",
    "showLess": "عرض أقل",
    "showGallery": "استعرض المعرض",
    "details": "عرض التفاصيل",
    "sending": "يتم الإرسال الآن...",
    "more": "اقرأ المزيد"
  },
  "login": {
    "login": "تسجيل الدخول",
    "register": "إنشاء حساب",
    "loginHint": "يرجى تسجيل الدخول للاستفادة من خدماتنا",
    "mustLogin": "الرجاء تسجيل الدخول لطرح سؤالك"
  },
  "contactUsPage": {
    "pageTitle": "اتصل بنا",
    "hint": "يرجى تقديم معلومات صحيحة لتمكيننا من خدمتك بسرعة وكفاءة.",
    "mobile": "رقم الجوال",
    "mobilePlaceholder": "أدخل رقمًا مكونًا من 10 أرقام",
    "mobileValidationError": "يجب أن يكون الرقم مكونًا من 10 أرقام على الأقل",
    "email": "البريد الإلكتروني",
    "emailPlaceholder": "example@example.com",
    "emailValidationError": "يرجى إدخال بريد إلكتروني صالح",
    "message": "الرسالة",
    "messagePlaceholder": "كيف يمكننا مساعدتك؟",
    "messageValidationError": "الرسالة يجب أن تحتوي على 10 أحرف على الأقل",
    "sendButton": "أرسل رسالتك الآن",
    "name": "الاسم"
  },
  "notFound": {
    "title": "404",
    "message": "عذرًا، الصفحة غير موجودة",
    "description": "الصفحة التي تبحث عنها غير متوفرة حاليًا.",
    "button": "العودة إلى الصفحة الرئيسية"
  },
  "homepage": {
    "fromIdeaTitle": "من الفكرة إلى منتج رقمي ناجح",
    "fromIdeaContent": "نحول أفكارك الجريئة إلى حلول رقمية مميزة تجذب العملاء وتدفع عملك نحو النجاح. بالجمع بين الإبداع والتكنولوجيا، نقدم منتجات مبتكرة تحقق نتائج ملموسة.",
    "fromIdeaButton": "ابدأ رحلتك معنا الآن!",
    "discoverTitle": "اكتشف الحلول",
    "discoverContent": "نبحث معًا عن أفضل الأفكار لتحويل رؤيتك إلى واقع. نجعل كل فكرة، مهما كانت بسيطة، نقطة انطلاق نحو النجاح.",
    "discoverButton": "ابدأ الاستكشاف الآن"
  },
  "mobileAppPhases": {
    "discoveryPlanningTitle": "التخطيط والاكتشاف",
    "discoveryPlanningDescription": "نفهم احتياجاتك ونضع خطة واضحة لمشروعك.",
    "uiUxDesignTitle": "تصميم جذاب وسهل",
    "uiUxDesignDescription": "نصمم واجهات مستخدم جميلة وسهلة الاستخدام.",
    "developmentTitle": "التطوير",
    "developmentDescription": "نبني تطبيقًا متطورًا بأحدث التقنيات لضمان الأداء العالي.",
    "testingQATitle": "الاختبار والجودة",
    "testingQADescription": "نتأكد من خلو التطبيق من الأخطاء وملاءمته لجميع المعايير.",
    "deploymentTitle": "النشر",
    "deploymentDescription": "إطلاق سلس لتطبيقك على متاجر التطبيقات.",
    "maintenanceUpdatesTitle": "الدعم والتحديثات",
    "maintenanceUpdatesDescription": "دعم مستمر لتحسين تطبيقك وإبقائه مميزًا.",
    "userFeedbackIterationTitle": "تحسين بناءً على آراء المستخدمين",
    "userFeedbackIterationDescription": "نستمع لملاحظات المستخدمين لتحسين تطبيقك باستمرار."
  },
  "footer": {
    "readyToTransform": "هل أنت مستعد لتحويل فكرتك إلى حقيقة؟",
    "buildSomethingGreat": "دعنا نبني شيئًا مذهلاً معًا",
    "getInTouch": "تواصل معنا اليوم",
    "callUsNow": "اتصل بنا الآن للحصول على استشارة مجانية",
    "footerIllustrationAlt": "رسم توضيحي يعكس تعاوننا",
    "chatWithUs": "تحدث معنا الآن واحصل على الدعم",
    "phoneNumber": "+1 (123) 456-7890",
    "emailAddress": "info@yourcompany.com"
  },
  "services": {
    "tecnoUsed": "تقنيات مبتكرة تلبي احتياجاتك",
    "buildingTomorrow": "نبتكر حلول المستقبل",
    "solutions": "حلول مبتكرة",
    "today": "لإنجازات اليوم",
    "blendingCreativity": "نجمع بين الإبداع والتقنية لنقدّم حلولًا مخصصة لعملك.",
    "websiteDevelopmentTitle": "تطوير المواقع الإلكترونية",
    "websiteDevelopmentDescription": "نحوّل أفكارك إلى مواقع إلكترونية استثنائية تُبهر زوارك وتجذبهم للتفاعل مع علامتك التجارية. مواقعنا ليست فقط جميلة الشكل، بل مصممة لتكون سريعة ومتجاوبة، مما يضمن تجربة استخدام ممتعة ومريحة وتحويل الزوار إلى عملاء مخلصين.",
    "mobileAppDevelopmentTitle": "تطبيقات الجوال",
    "mobileAppDevelopmentDescription": "نبتكر تطبيقات مبتكرة وسهلة الاستخدام تتيح لعملائك الوصول إلى خدماتك بكل سهولة في أي وقت وأي مكان. سواء كنت بحاجة إلى تطبيقات أعمال أو ترفيه، نضمن تصميمًا مميزًا مليئًا بالميزات التي تزيد من ارتباط العملاء بعلامتك.",
    "crmDevelopmentTitle": "أنظمة CRM",
    "crmDevelopmentDescription": "نقدم أنظمة متطورة لإدارة علاقات العملاء، تُساعدك على تنظيم بياناتهم، متابعة احتياجاتهم، وتقديم خدمات مخصصة تعزز ولاءهم. بفضل أدواتنا الذكية، يمكنك توفير تجربة عملاء مثالية وزيادة ولائهم على المدى الطويل.",
    "ecommerceDevelopmentTitle": "متاجر إلكترونية",
    "ecommerceDevelopmentDescription": "نبني لك متجرًا إلكترونيًا متكاملاً يعكس هوية علامتك ويُسهّل عملية البيع والشراء. نقدم تصميمات عصرية، بوابات دفع آمنة، وتجربة تسوق فريدة من نوعها تساعدك على زيادة مبيعاتك والوصول إلى جمهور أوسع.",
    "uiUxDesignTitle": "تصاميم واجهات المستخدم",
    "uiUxDesignDescription": "نقدم تصاميم عصرية مبتكرة تركز على تجربة المستخدم، مما يجعل كل تفاعل مع موقعك أو تطبيقك ممتعًا وسلسًا. نعمل على دراسة سلوك العملاء لتقديم تصميمات تلبي احتياجاتهم وتعزز ارتباطهم بخدماتك.",
    "digitalMarketingTitle": "التسويق الرقمي",
    "digitalMarketingDescription": "نضع علامتك التجارية في مقدمة المنافسة عبر استراتيجيات تسويقية متكاملة. نستخدم أحدث الأساليب مثل الإعلانات المدفوعة وتحسين محركات البحث لضمان وصول علامتك إلى الجمهور المناسب وتحقيق نتائج ملموسة.",
    "visualIdentityTitle": "الهوية البصرية",
    "visualIdentityDescription": "نبتكر هوية بصرية مميزة تعكس شخصية علامتك التجارية وتجعلها راسخة في أذهان جمهورك. من اختيار الألوان والشعارات إلى تصميم الأدوات الترويجية، نضمن أن تكون هويتك فريدة وقوية وتعزز تميزك.",

    "getQuote": "احصل على عرض سعر الآن"
  },
  "whyChooseUs": {
    "whyChooseUs": "لماذا نحن الأفضل؟",
    "whatMakesUsDifferent": "ما الذي يميزنا عن غيرنا؟",
    "costEfficiencyTitle": "أسعار تنافسية",
    "costEfficiencyDescription": "استثمر في حلولنا الذكية وقلل تكاليفك التشغيلية بنسبة تصل إلى 30% دون المساومة على الجودة. مع خدماتنا، يمكنك توجيه ميزانيتك نحو تحقيق أهدافك وتوسيع نطاق أعمالك بثقة.",

    "onDemandTitle": "خدمات مخصصة",
    "onDemandDescription": "اختر فريق العمل المثالي الذي يتناسب مع احتياجات مشروعك وأهدافك. نحن نقدم خدمات مصممة خصيصًا لتلبية متطلباتك الفريدة، مما يضمن لك نتائج فائقة تلبي توقعاتك وتتجاوزها.",

    "itExpertsTitle": "خبراء تقنيون",
    "itExpertsDescription": "اعتمد على فريقنا المكون من نخبة الخبراء في المجال التقني. نحن نقدم لك خبرات متخصصة في أحدث التقنيات لضمان تقديم حلول مبتكرة تُسهم في تطوير أعمالك وتحقيق النجاح المطلوب.",

    "timeFlexibilityTitle": "مرونة في الوقت",
    "timeFlexibilityDescription": "نحن نفهم أهمية الوقت بالنسبة لك. لذلك، نقدم جداول عمل مرنة تتناسب مع احتياجاتك وتوقيتات مشروعك، مما يضمن تسليم الأعمال بكفاءة وفي الوقت المناسب.",

    "securePrivacyTitle": "الأمان والسرية",
    "securePrivacyDescription": "خصوصيتك وأمان بياناتك هي على رأس أولوياتنا. نقدم تقنيات أمان متطورة لضمان حماية معلوماتك الحساسة والحفاظ على سرية مشروعك في جميع الأوقات."
  }
}
