{
  "app": {
    "name": "Dream to App",
    "slogan": "We turn your dreams into reality"
  },
  "navigation": {
    "services": {
      "title": "Our Services",
      "subMenu": {
        "webApp": "Web App Development",
        "mobileApp": "Mobile App Development",
        "ecommerce": "E-commerce Solutions",
        "uiUx": "User Interface Design",
        "visualIdentity": "Visual Identity",
        "digitalMarketing": "Digital Marketing"
      }
    },
    "technologies": {
      "title": "Technologies",
      "subMenu": {
        "nextjs": {
          "title": "Next.js",
          "description": "A powerful framework for building server-rendered React applications, enabling fast and optimized web apps."
        },
        "nodejs": {
          "title": "Node.js",
          "description": "A JavaScript runtime that allows for building scalable network applications, perfect for backend services."
        },
        "react": {
          "title": "React",
          "description": "A popular JavaScript library for creating interactive user interfaces with reusable components."
        },
        "reactNative": {
          "title": "React Native",
          "description": "A framework for building mobile applications using React, enabling native apps for iOS and Android."
        },
        "mongoDB": {
          "title": "MongoDB",
          "description": "A NoSQL database that stores data in flexible, JSON-like documents, designed for scalability."
        },
        "firebase": {
          "title": "Firebase",
          "description": "A platform by Google for building mobile and web apps, offering tools for real-time databases and authentication."
        },
        "aws": {
          "title": "AWS",
          "description": "A comprehensive cloud computing platform that provides a wide range of services for hosting applications."
        },
        "prisma": {
          "title": "Prisma",
          "description": "An open-source database toolkit that simplifies database access for Node.js applications."
        },
        "sanity": {
          "title": "sanity",
          "description": "Make content your competitive advantage."
        }
      }
    },
    "workSamples": {
      "title": "Work Samples",
      "subMenu": {
        "webApp": "Web App",
        "mobileApp": "Mobile App",
        "uiUx": "UI/UX Design",
        "visualIdentity": "Visual Identity",
        "digitalMarketing": "Digital Marketing",
        "more": "More"
      }
    },
    "prices": {
      "title": "Prices",
      "basic": "Basic",
      "pro": "Pro",
      "enterprise": "Enterprise",
      "custom": "Custom"
    },
    "contactus": {
      "title": "Contact Us",
      "whatsapp": "WhatsApp",
      "email": "Email",
      "phone": "Phone",
      "form": "Contact Form"
    },
    "plugin": {
      "title": "Plugin",
      "crombo": "Crombo",
      "latestnews": "Latest News"
    }
  },
  "buttons": {
    "showMore": "Show More",
    "showLess": "Show Less",
    "showGallery": "Show Gallery",
    "details": "Details",
    "sending": "Sending...",
    "more": "More Details"
  },
  "login": {
    "login": "Login",
    "register": "Register",
    "loginHint": "Login please",
    "mustLogin": "You must login to add a question"
  },
  "contactUsPage": {
    "pageTitle": "Contact Us",
    "hint": "Correct information is required to help us respond as quickly as possible, providing the best possible service.",
    "mobile": "Mobile Number",
    "mobilePlaceholder": "10-digit mobile number",
    "mobileValidationError": "Must be at least 10 digits",
    "email": "Email",
    "emailPlaceholder": "example@example.com",
    "emailValidationError": "Invalid email",
    "message": "Message",
    "messagePlaceholder": "How can we help you?",
    "messageValidationError": "The minimum is 10 characters",
    "sendButton": "Send .. We are waiting for you",
    "name": "Name"
  },
  "notFound": {
    "title": "404",
    "message": "Page Not Found",
    "description": "The page you are looking for is not found",
    "button": "Home Page"
  },
  "homepage": {
    "fromIdeaTitle": "From idea to digital solutions",
    "fromIdeaContent": "We turn bold ideas into powerful digital solutions that captivate users and transform businesses. From concept to launch, we craft innovative products that people love and businesses can’t live without. By blending creativity, cutting-edge technology, and strategic vision, we create experiences that stand out, scale fast, and deliver real results. When you’re ready to disrupt, grow, and lead, we’re here to make it happen.",
    "fromIdeaButton": "Let’s bring your vision to life. Get started today!",
    "discoverTitle": "Discover & Define",
    "discoverContent": "Together, we dive deep into understanding the problem, uncovering hidden opportunities, and generating impactful ideas. No vision is too ambitious—every big idea starts with a simple prototype. By validating concepts early, we ensure that our direction is aligned with your goals and user needs. This stage sets the foundation for creating solutions that are not only innovative but also practical and effective.",
    "discoverButton": "Ready to explore? Let’s get started!"
  },
  "mobileAppPhases": {
    "discoveryPlanningTitle": "Discovery & Planning",
    "discoveryPlanningDescription": "Define project goals, target audience, and requirements. Create a roadmap and wireframes.",
    "uiUxDesignTitle": "UI/UX Design",
    "uiUxDesignDescription": "Design intuitive and user-friendly interfaces. Create prototypes and gather feedback.",
    "developmentTitle": "Development",
    "developmentDescription": "Build the mobile application using modern frameworks and technologies. Ensure scalability and performance.",
    "testingQATitle": "Testing & QA",
    "testingQADescription": "Conduct rigorous testing to identify and fix bugs. Ensure the app meets quality standards.",
    "deploymentTitle": "Deployment",
    "deploymentDescription": "Launch the app on app stores (Google Play, Apple App Store). Ensure smooth deployment and monitoring.",
    "maintenanceUpdatesTitle": "Maintenance & Updates",
    "maintenanceUpdatesDescription": "Provide ongoing support, fix issues, and release updates to keep the app relevant and functional.",
    "userFeedbackIterationTitle": "User Feedback & Iteration",
    "userFeedbackIterationDescription": "Gather user feedback and iterate on the app to improve features and user experience."
  },
  "footer": {
    "readyToTransform": "Ready to Transform Your Business?",
    "buildSomethingGreat": "Let’s Build Something Great Together",
    "getInTouch": "Get in Touch",
    "callUsNow": "Call Us Now",
    "footerIllustrationAlt": "Footer Illustration",
    "chatWithUs": "Chat with us for instant support",
    "phoneNumber": "+1 (123) 456-7890",
    "emailAddress": "info@yourcompany.com"
  },
  "services": {
    "tecnoUsed": "Innovative technologies for your needs",
    "buildingTomorrow": "Building Tomorrow’s",
    "solutions": "Solutions",
    "today": "Today",
    "blendingCreativity": "Blending creativity and technology to craft bespoke strategies for your needs.",
    "websiteDevelopmentTitle": "Website Development",
    "websiteDevelopmentDescription": "Transform your online presence with custom websites designed to captivate and convert.",
    "mobileAppDevelopmentTitle": "Mobile App Development",
    "mobileAppDevelopmentDescription": "Empowering businesses with innovative, user-friendly mobile apps for iOS and Android.",
    "crmDevelopmentTitle": "CRM Development",
    "crmDevelopmentDescription": "Streamline operations and enhance customer engagement with tailored CRM solutions.",
    "ecommerceDevelopmentTitle": "E-Commerce Development",
    "ecommerceDevelopmentDescription": "Create seamless, sales-driven online stores that enhance customer experience and boost revenue.",
    "uiUxDesignTitle": "UI/UX Design",
    "uiUxDesignDescription": "Craft intuitive and visually stunning user interfaces that deliver exceptional user experiences.",
    "digitalMarketingTitle": "Digital Marketing",
    "digitalMarketingDescription": "Boost your online presence with data-driven digital marketing strategies tailored to your business goals.",
    "visualIdentityTitle": "Visual Identity",
    "visualIdentityDescription": "Create a cohesive and memorable brand identity that resonates with your audience.",
    "getQuote": "Get a Quote"
  },
  "whyChooseUs": {
    "whyChooseUs": "WHY CHOOSE US",
    "whatMakesUsDifferent": "What makes us Different?",
    "costEfficiencyTitle": "Cost-Efficiency",
    "costEfficiencyDescription": "Derive up to 30% business savings with our competitive offerings",
    "onDemandTitle": "On Demand",
    "onDemandDescription": "Choose the best fit remote team as your business demands",
    "itExpertsTitle": "20+ IT experts",
    "itExpertsDescription": "Scale up with engineers skilled across various technologies",
    "timeFlexibilityTitle": "Time Flexibility",
    "timeFlexibilityDescription": "Assure a minimum of 4 hours of overlap for effective teamwork",
    "securePrivacyTitle": "Secure Privacy",
    "securePrivacyDescription": "Achieve success with NDA & ISMS certification"
  }
}
